id,name,email,country,created_at,age
1,Karen Johnson,karen.johnson1@example.com,US,2023-01-30,35
2,Diana Brown,diana.brown2@example.com,UK,2023-01-25,24
3,Karen Wilson,karen.wilson3@example.com,US,2022-08-28,45
4,Alice Smith,alice.smith4@example.com,US,2021-08-12,32
5,Iris Taylor,iris.taylor5@example.com,US,2022-07-29,30
6,Leo Wilson,leo.wilson6@example.com,DE,2021-08-14,46
7,Jack Jones,jack.jones7@example.com,AU,2023-06-10,18
8,Mia Williams,mia.williams8@example.com,CA,2022-03-09,39
9,Eve Williams,eve.williams9@example.com,UK,2023-02-21,39
10,Bob Johnson,bob.johnson10@example.com,DE,2021-04-10,40
11,Nora Garcia,nora.garcia11@example.com,IN,2021-09-28,20
12,Leo Davis,leo.davis12@example.com,IN,2021-05-08,42
13,Bob Wilson,bob.wilson13@example.com,FR,2023-04-30,58
14,Jack Garcia,jack.garcia14@example.com,IN,2021-07-16,63
15,Bob Smith,bob.smith15@example.com,CA,2021-08-22,36
16,Bob Brown,bob.brown16@example.com,AU,2021-04-14,42
17,Eve Davis,eve.davis17@example.com,CA,2023-05-05,41
18,Carlos Garcia,carlos.garcia18@example.com,FR,2021-08-03,60
19,Eve Johnson,eve.johnson19@example.com,IN,2022-10-13,28
20,Iris Brown,iris.brown20@example.com,UK,2022-04-19,42
21,Eve Wilson,eve.wilson21@example.com,UK,2022-12-03,38
22,Nora Smith,nora.smith22@example.com,UK,2023-04-22,20
23,Mia Garcia,mia.garcia23@example.com,DE,2021-10-02,22
24,Diana Taylor,diana.taylor24@example.com,CA,2021-11-19,31
25,Karen Davis,karen.davis25@example.com,DE,2022-10-21,47
26,Carlos Jones,carlos.jones26@example.com,UK,2021-09-10,65
27,Iris Wilson,iris.wilson27@example.com,FR,2023-02-04,55
28,Grace Taylor,grace.taylor28@example.com,DE,2022-01-06,32
29,Carlos Wilson,carlos.wilson29@example.com,DE,2021-04-04,21
30,Nora Johnson,nora.johnson30@example.com,UK,2022-10-05,28
31,Mia Miller,mia.miller31@example.com,IN,2021-03-07,42
32,Grace Taylor,grace.taylor32@example.com,DE,2022-06-26,34
33,Iris Smith,iris.smith33@example.com,CA,2023-01-09,25
34,Karen Wilson,karen.wilson34@example.com,AU,2021-10-01,59
35,Frank Johnson,frank.johnson35@example.com,FR,2022-03-22,28
36,Hank Smith,hank.smith36@example.com,CA,2023-06-16,64
37,Eve Wilson,eve.wilson37@example.com,AU,2021-07-02,50
38,Oscar Johnson,oscar.johnson38@example.com,AU,2022-10-03,37
39,Nora Wilson,nora.wilson39@example.com,IN,2021-07-23,27
40,Frank Williams,frank.williams40@example.com,IN,2023-03-09,51
41,Oscar Smith,oscar.smith41@example.com,IN,2021-11-28,49
42,Alice Johnson,alice.johnson42@example.com,FR,2023-06-19,37
43,Diana Smith,diana.smith43@example.com,UK,2023-06-19,54
44,Bob Johnson,bob.johnson44@example.com,CA,2022-05-13,22
45,Mia Wilson,mia.wilson45@example.com,AU,2021-05-09,26
46,Karen Davis,karen.davis46@example.com,IN,2021-06-19,34
47,Iris Taylor,iris.taylor47@example.com,DE,2021-08-05,52
48,Mia Brown,mia.brown48@example.com,CA,2021-11-16,43
49,Karen Garcia,karen.garcia49@example.com,DE,2022-06-14,46
50,Bob Brown,bob.brown50@example.com,UK,2021-03-07,39
51,Alice Taylor,alice.taylor51@example.com,IN,2021-08-24,55
52,Diana Smith,diana.smith52@example.com,US,2022-12-26,58
53,Alice Brown,alice.brown53@example.com,US,2021-02-02,39
54,Bob Wilson,bob.wilson54@example.com,UK,2021-10-13,60
55,Hank Brown,hank.brown55@example.com,IN,2021-05-16,64
56,Oscar Taylor,oscar.taylor56@example.com,IN,2022-04-30,33
57,Mia Davis,mia.davis57@example.com,AU,2022-02-21,30
58,Bob Johnson,bob.johnson58@example.com,CA,2022-03-18,40
59,Grace Miller,grace.miller59@example.com,DE,2023-06-04,64
60,Alice Johnson,alice.johnson60@example.com,US,2022-02-17,64
61,Frank Johnson,frank.johnson61@example.com,UK,2021-07-16,30
62,Iris Davis,iris.davis62@example.com,UK,2022-03-09,29
63,Eve Davis,eve.davis63@example.com,UK,2023-06-15,22
64,Hank Wilson,hank.wilson64@example.com,US,2021-02-21,59
65,Iris Smith,iris.smith65@example.com,US,2023-02-11,33
66,Carlos Miller,carlos.miller66@example.com,DE,2022-05-08,31
67,Nora Miller,nora.miller67@example.com,US,2021-06-18,42
68,Alice Miller,alice.miller68@example.com,FR,2023-03-14,47
69,Eve Miller,eve.miller69@example.com,CA,2023-01-19,53
70,Karen Davis,karen.davis70@example.com,UK,2021-07-14,36
71,Diana Smith,diana.smith71@example.com,IN,2023-01-24,52
72,Alice Garcia,alice.garcia72@example.com,US,2021-02-21,55
73,Hank Wilson,hank.wilson73@example.com,AU,2022-06-28,28
74,Alice Wilson,alice.wilson74@example.com,US,2023-05-22,29
75,Bob Taylor,bob.taylor75@example.com,US,2022-11-23,33
76,Grace Johnson,grace.johnson76@example.com,IN,2021-09-10,55
77,Jack Smith,jack.smith77@example.com,IN,2021-03-25,44
78,Karen Taylor,karen.taylor78@example.com,IN,2022-06-20,38
79,Oscar Jones,oscar.jones79@example.com,UK,2022-11-17,63
80,Frank Brown,frank.brown80@example.com,FR,2022-02-10,26
81,Karen Jones,karen.jones81@example.com,DE,2021-11-20,22
82,Alice Davis,alice.davis82@example.com,IN,2022-07-31,24
83,Bob Wilson,bob.wilson83@example.com,UK,2022-06-03,34
84,Carlos Garcia,carlos.garcia84@example.com,US,2023-06-20,33
85,Frank Jones,frank.jones85@example.com,UK,2022-03-25,52
86,Leo Jones,leo.jones86@example.com,IN,2023-04-07,59
87,Iris Smith,iris.smith87@example.com,CA,2023-04-17,53
88,Eve Johnson,eve.johnson88@example.com,UK,2021-09-28,25
89,Oscar Johnson,oscar.johnson89@example.com,CA,2022-07-21,27
90,Eve Jones,eve.jones90@example.com,IN,2021-08-04,63
91,Frank Brown,frank.brown91@example.com,CA,2022-10-12,34
92,Iris Davis,iris.davis92@example.com,FR,2023-05-17,21
93,Bob Miller,bob.miller93@example.com,AU,2021-10-11,20
94,Alice Garcia,alice.garcia94@example.com,AU,2021-05-14,58
95,Eve Williams,eve.williams95@example.com,CA,2022-03-29,53
96,Leo Miller,leo.miller96@example.com,IN,2021-01-10,25
97,Bob Williams,bob.williams97@example.com,IN,2021-02-06,41
98,Jack Wilson,jack.wilson98@example.com,UK,2022-03-17,26
99,Alice Jones,alice.jones99@example.com,FR,2023-03-27,20
100,Oscar Garcia,oscar.garcia100@example.com,UK,2022-11-30,33
101,Karen Johnson,karen.johnson101@example.com,FR,2023-03-10,53
102,Oscar Miller,oscar.miller102@example.com,IN,2023-02-07,27
103,Oscar Brown,oscar.brown103@example.com,AU,2021-06-16,29
104,Oscar Miller,oscar.miller104@example.com,US,2021-07-03,65
105,Oscar Garcia,oscar.garcia105@example.com,AU,2022-02-26,60
106,Nora Brown,nora.brown106@example.com,FR,2021-06-13,62
107,Bob Miller,bob.miller107@example.com,AU,2021-02-09,48
108,Diana Brown,diana.brown108@example.com,AU,2022-04-17,40
109,Eve Brown,eve.brown109@example.com,UK,2021-01-25,60
110,Diana Miller,diana.miller110@example.com,FR,2021-10-13,22
111,Mia Jones,mia.jones111@example.com,FR,2022-10-19,50
112,Grace Wilson,grace.wilson112@example.com,FR,2021-01-29,25
113,Oscar Jones,oscar.jones113@example.com,UK,2022-08-18,34
114,Alice Johnson,alice.johnson114@example.com,IN,2022-03-21,40
115,Leo Garcia,leo.garcia115@example.com,DE,2022-09-13,50
116,Bob Miller,bob.miller116@example.com,IN,2021-07-14,34
117,Alice Miller,alice.miller117@example.com,US,2022-06-17,52
118,Karen Brown,karen.brown118@example.com,FR,2022-03-18,22
119,Karen Garcia,karen.garcia119@example.com,IN,2021-11-18,60
120,Nora Johnson,nora.johnson120@example.com,CA,2021-11-04,50
121,Eve Miller,eve.miller121@example.com,FR,2022-02-17,62
122,Eve Wilson,eve.wilson122@example.com,UK,2021-07-16,44
123,Karen Miller,karen.miller123@example.com,CA,2023-02-06,29
124,Jack Taylor,jack.taylor124@example.com,FR,2022-02-20,53
125,Nora Smith,nora.smith125@example.com,FR,2021-10-21,31
126,Grace Taylor,grace.taylor126@example.com,IN,2022-11-02,38
127,Hank Davis,hank.davis127@example.com,DE,2022-11-23,31
128,Iris Davis,iris.davis128@example.com,AU,2023-03-27,65
129,Carlos Johnson,carlos.johnson129@example.com,FR,2022-06-12,60
130,Karen Taylor,karen.taylor130@example.com,FR,2021-04-06,33
131,Karen Jones,karen.jones131@example.com,UK,2023-04-06,30
132,Carlos Smith,carlos.smith132@example.com,US,2021-09-08,48
133,Jack Johnson,jack.johnson133@example.com,DE,2022-03-01,58
134,Jack Brown,jack.brown134@example.com,CA,2022-12-15,42
135,Hank Miller,hank.miller135@example.com,UK,2021-06-01,59
136,Leo Smith,leo.smith136@example.com,AU,2023-06-01,24
137,Mia Miller,mia.miller137@example.com,UK,2021-06-30,62
138,Iris Davis,iris.davis138@example.com,US,2022-07-25,33
139,Oscar Johnson,oscar.johnson139@example.com,DE,2021-05-17,47
140,Karen Wilson,karen.wilson140@example.com,IN,2022-09-02,38
141,Mia Davis,mia.davis141@example.com,IN,2023-04-15,64
142,Oscar Wilson,oscar.wilson142@example.com,DE,2023-05-01,53
143,Hank Williams,hank.williams143@example.com,CA,2023-06-02,48
144,Hank Jones,hank.jones144@example.com,AU,2021-09-11,58
145,Eve Wilson,eve.wilson145@example.com,DE,2022-10-04,33
146,Eve Davis,eve.davis146@example.com,US,2023-01-01,36
147,Diana Jones,diana.jones147@example.com,FR,2021-11-24,52
148,Bob Williams,bob.williams148@example.com,UK,2021-08-25,42
149,Leo Williams,leo.williams149@example.com,CA,2021-08-08,22
150,Grace Miller,grace.miller150@example.com,FR,2022-07-10,47
151,Grace Smith,grace.smith151@example.com,UK,2023-05-03,44
152,Grace Taylor,grace.taylor152@example.com,CA,2021-01-21,54
153,Grace Davis,grace.davis153@example.com,US,2021-12-27,37
154,Mia Miller,mia.miller154@example.com,AU,2023-05-06,44
155,Iris Wilson,iris.wilson155@example.com,AU,2022-09-10,32
156,Hank Brown,hank.brown156@example.com,FR,2022-03-23,49
157,Alice Miller,alice.miller157@example.com,FR,2022-11-16,61
158,Mia Miller,mia.miller158@example.com,CA,2021-06-19,47
159,Oscar Williams,oscar.williams159@example.com,IN,2022-07-01,19
160,Oscar Miller,oscar.miller160@example.com,IN,2022-08-01,60
161,Alice Johnson,alice.johnson161@example.com,CA,2022-03-15,26
162,Nora Davis,nora.davis162@example.com,UK,2021-02-21,34
163,Grace Garcia,grace.garcia163@example.com,UK,2022-04-11,38
164,Frank Miller,frank.miller164@example.com,FR,2023-02-10,44
165,Eve Johnson,eve.johnson165@example.com,DE,2021-01-20,65
166,Iris Smith,iris.smith166@example.com,FR,2021-08-18,59
167,Bob Smith,bob.smith167@example.com,AU,2021-02-01,33
168,Diana Smith,diana.smith168@example.com,IN,2021-06-06,33
169,Carlos Davis,carlos.davis169@example.com,CA,2021-04-28,54
170,Diana Davis,diana.davis170@example.com,CA,2021-09-20,41
171,Carlos Taylor,carlos.taylor171@example.com,IN,2023-02-05,63
172,Bob Williams,bob.williams172@example.com,FR,2021-04-21,55
173,Alice Jones,alice.jones173@example.com,IN,2022-11-25,42
174,Grace Brown,grace.brown174@example.com,US,2022-08-30,62
175,Nora Brown,nora.brown175@example.com,US,2022-12-15,37
176,Nora Taylor,nora.taylor176@example.com,AU,2021-05-04,54
177,Mia Smith,mia.smith177@example.com,FR,2022-06-30,45
178,Karen Garcia,karen.garcia178@example.com,US,2022-06-03,59
179,Frank Smith,frank.smith179@example.com,AU,2022-03-07,49
180,Bob Miller,bob.miller180@example.com,FR,2022-10-13,47
181,Leo Williams,leo.williams181@example.com,DE,2021-06-30,64
182,Iris Jones,iris.jones182@example.com,IN,2023-04-08,52
183,Mia Davis,mia.davis183@example.com,DE,2022-03-23,64
184,Jack Jones,jack.jones184@example.com,FR,2023-05-23,33
185,Nora Johnson,nora.johnson185@example.com,FR,2022-04-07,33
186,Mia Davis,mia.davis186@example.com,IN,2022-09-17,60
187,Grace Garcia,grace.garcia187@example.com,US,2022-05-22,38
188,Carlos Davis,carlos.davis188@example.com,UK,2021-12-30,34
189,Frank Jones,frank.jones189@example.com,IN,2022-12-20,35
190,Iris Smith,iris.smith190@example.com,IN,2021-07-15,23
191,Diana Miller,diana.miller191@example.com,DE,2022-07-23,33
192,Leo Davis,leo.davis192@example.com,CA,2022-12-30,49
193,Hank Smith,hank.smith193@example.com,US,2021-10-29,32
194,Grace Brown,grace.brown194@example.com,FR,2022-11-11,55
195,Frank Davis,frank.davis195@example.com,IN,2022-06-28,40
196,Grace Wilson,grace.wilson196@example.com,FR,2021-12-27,62
197,Hank Jones,hank.jones197@example.com,FR,2021-09-15,32
198,Bob Brown,bob.brown198@example.com,FR,2021-05-03,65
199,Iris Williams,iris.williams199@example.com,UK,2021-08-10,65
200,Hank Jones,hank.jones200@example.com,CA,2022-08-27,51
